{"cameraMode":{"drawMode":0,"name":"Shaded","section":"Shading Mode"},"sceneLighting":true,"audioPlay":false,"sceneViewState":{"m_AlwaysRefresh":false,"showFog":true,"showSkybox":true,"showFlares":true,"showImageEffects":true,"showParticleSystems":true,"showVisualEffectGraphs":true,"m_FxEnabled":true},"in2DMode":false,"pivot":{"x":849.842041015625,"y":35.59523391723633,"z":123.87406921386719},"rotation":{"x":0.23745295405387879,"y":-0.20506063103675843,"z":0.051356472074985507,"w":0.9481217265129089},"size":29.104721069335939,"orthographic":false}